{
    "key": "group_5cb3ac552219e",
    "title": "Taxonomy",
    "fields": [
        {
            "key": "field_5cb3ac5bc7b09",
            "label": "Category",
            "name": "post_category",
            "type": "taxonomy",
            "instructions": "Select a category for this post.",
            "required": 1,
            "conditional_logic": 0,
            "wrapper": {
                "width": "",
                "class": "",
                "id": ""
            },
            "taxonomy": "category",
            "field_type": "select",
            "allow_null": 0,
            "add_term": 1,
            "save_terms": 0,
            "load_terms": 0,
            "return_format": "object",
            "multiple": 0
        },
        {
            "key": "field_5cb3aca1c7b0a",
            "label": "Tag",
            "name": "post_tag",
            "type": "taxonomy",
            "instructions": "Select a tag for this post.",
            "required": 1,
            "conditional_logic": 0,
            "wrapper": {
                "width": "",
                "class": "",
                "id": ""
            },
            "taxonomy": "post_tag",
            "field_type": "select",
            "allow_null": 0,
            "add_term": 1,
            "save_terms": 0,
            "load_terms": 0,
            "return_format": "id",
            "multiple": 0
        }
    ],
    "location": [
        [
            {
                "param": "post_type",
                "operator": "==",
                "value": "post"
            }
        ]
    ],
    "menu_order": 0,
    "position": "side",
    "style": "default",
    "label_placement": "top",
    "instruction_placement": "label",
    "hide_on_screen": [
        "categories",
        "tags"
    ],
    "active": 1,
    "description": "",
    "modified": 1555279554
}