{
    "key": "group_5c0f1494dd5e0",
    "title": "Asset Class File",
    "fields": [
        {
            "key": "field_5c0f14c489cea",
            "label": "Upload file",
            "name": "asset_class_pdf",
            "type": "file",
            "instructions": "Upload asset class .pdf file here.",
            "required": 1,
            "conditional_logic": 0,
            "wrapper": {
                "width": "",
                "class": "",
                "id": ""
            },
            "return_format": "url",
            "library": "all",
            "min_size": "",
            "max_size": "",
            "mime_types": "pdf"
        }
    ],
    "location": [
        [
            {
                "param": "post_type",
                "operator": "==",
                "value": "asset_classes"
            }
        ]
    ],
    "menu_order": 0,
    "position": "normal",
    "style": "default",
    "label_placement": "top",
    "instruction_placement": "label",
    "hide_on_screen": "",
    "active": 1,
    "description": "",
    "modified": 1555279348
}