{
    "key": "group_5c23c90ce7670",
    "title": "Author Profile Hero",
    "fields": [
        {
            "key": "field_5c23c963a3004",
            "label": "Author Profile Hero",
            "name": "author_profile_hero",
            "type": "image",
            "instructions": "",
            "required": 0,
            "conditional_logic": 0,
            "wrapper": {
                "width": "",
                "class": "",
                "id": ""
            },
            "return_format": "url",
            "preview_size": "thumbnail",
            "library": "all",
            "min_width": "",
            "min_height": "",
            "min_size": "",
            "max_width": "",
            "max_height": "",
            "max_size": "",
            "mime_types": ""
        }
    ],
    "location": [
        [
            {
                "param": "user_form",
                "operator": "==",
                "value": "edit"
            },
            {
                "param": "user_role",
                "operator": "!=",
                "value": "subscriber"
            }
        ]
    ],
    "menu_order": 0,
    "position": "normal",
    "style": "default",
    "label_placement": "top",
    "instruction_placement": "label",
    "hide_on_screen": "",
    "active": 1,
    "description": "",
    "modified": 1555279369
}